iter	Logloss
0	0.6447530746
1	0.597917223
2	0.5607884407
3	0.5254189968
4	0.4928742409
